MRT_Line,Bus_ServiceNo,Bus_Route_Length_m,Overlap_Length_m,Coverage_Percentage,Consecutive_Coverage_Percentage,Max_Consecutive_Segments,Weighted_Average_Angle,Weighted_Average_Score
Sengkang LRT,374,6668.132696382043,6223.689276030886,42.857142857142854,85.71428571428571,6.0,65.3,64.48857142857143
Bukit Panjang LRT,973A,1249.5395327575993,1249.5395327575993,16.666666666666664,100.0,2.0,30.7,52.806666666666665
North-South,302A,1929.3024927979577,1929.3024927979577,4.761904761904762,100.0,2.0,40.4,49.9847619047619
Bukit Panjang LRT,976,7464.432229891002,7163.349917263102,50.0,37.5,3.0,59.1,46.82
Sengkang LRT,371,3670.8341376438657,3415.38514641899,14.285714285714285,75.0,3.0,42.8,44.27428571428572
Bukit Panjang LRT,974A,17749.95029783376,6847.603314869377,33.33333333333333,38.88888888888889,7.0,62.5,41.388888888888886
Bukit Panjang LRT,922,7119.814772807734,7119.814772807735,33.33333333333333,50.0,4.0,39.6,41.25333333333333
Punggol LRT,386,7031.400729309656,6580.08439184427,50.0,25.0,2.0,43.1,38.620000000000005
Punggol LRT,83T,5486.421430941413,3593.0281541127033,33.33333333333333,33.33333333333333,2.0,56.8,38.026666666666664
Sengkang LRT,163A,4950.535254259683,4570.671514672329,42.857142857142854,20.0,1.0,64.3,38.00285714285714
North-South,55B,2723.0642206253883,1874.1810280075808,4.761904761904762,66.66666666666666,2.0,45.4,37.65142857142857
North-South,139A,2967.3141717522103,1679.3001505817895,4.761904761904762,66.66666666666666,2.0,44.5,37.47142857142857
North-South,991C,2860.332108349396,1917.4376960073928,2.380952380952381,66.66666666666666,2.0,48.2,37.25904761904762
North-South,302,5899.569573713876,4951.378896974146,4.761904761904762,66.66666666666666,4.0,42.2,37.01142857142857
Circle,92A,2731.461172838405,2233.3799924064137,5.714285714285714,66.66666666666666,2.0,37.3,36.41238095238095
Punggol LRT,381,8548.95236801011,7440.782634432975,33.33333333333333,33.33333333333333,3.0,47.2,36.10666666666667
Punggol LRT,83,10930.611074510503,7043.360186131676,33.33333333333333,27.27272727272727,3.0,56.7,35.582424242424246
North-South,856A,2898.4572451572217,2131.266273932749,4.761904761904762,66.66666666666666,2.0,32.3,35.03142857142857
Sengkang LRT,163B,8132.129363959652,4570.671514672329,42.857142857142854,11.11111111111111,1.0,64.3,34.44730158730159
Punggol LRT,84G,5175.9411336341245,4564.995368966965,33.33333333333333,33.33333333333333,2.0,37.4,34.14666666666666
Sengkang LRT,102A,3840.85594584558,3047.954427100201,28.57142857142857,25.0,1.0,62.3,33.88857142857143
Sengkang LRT,102B,3682.032540099498,2942.0979138780963,28.57142857142857,25.0,1.0,61.9,33.80857142857143
Bukit Panjang LRT,972M,36598.676848289244,9644.545485887205,50.0,8.108108108108109,3.0,50.1,33.263243243243245
Punggol LRT,3,15987.402634806735,4724.472305974422,33.33333333333333,18.75,3.0,59.8,32.79333333333334
Sengkang LRT,163,17724.889316476587,4570.671514672329,42.857142857142854,5.555555555555555,1.0,64.3,32.22507936507937
Bukit Panjang LRT,975C,16980.660182323823,3204.25889479136,50.0,5.88235294117647,1.0,48.5,32.05294117647059
Bukit Panjang LRT,975,33732.482499150414,6302.597548919854,50.0,5.88235294117647,2.0,48.5,32.05294117647059
Sengkang LRT,85,15938.50151409439,4634.107901826914,42.857142857142854,6.25,1.0,58.6,31.362857142857145
Sengkang LRT,50A,10289.61218340782,4556.260336341324,42.857142857142854,9.090909090909092,1.0,52.3,31.23922077922078
North-South,904,6213.2046457256365,6213.204645725635,4.761904761904762,57.14285714285714,4.0,31.6,31.081904761904763
Bukit Panjang LRT,972A,16918.302005030055,4537.338563588434,33.33333333333333,17.647058823529413,3.0,53.1,31.012156862745098
North-South,991A,1343.3544128217784,893.9639524530261,2.380952380952381,50.0,1.0,49.4,30.83238095238095
North-South,945,5415.555351948564,5331.698918467224,2.380952380952381,50.0,3.0,49.2,30.792380952380952
Sengkang LRT,50,16942.807179282932,4816.753823566857,42.857142857142854,5.88235294117647,1.0,54.7,30.43579831932773
Bukit Panjang LRT,307T,3836.791918383511,3836.791918383511,33.33333333333333,25.0,1.0,34.9,30.313333333333333
North-South,992,1796.961417951983,673.7608511285067,2.380952380952381,50.0,1.0,46.6,30.272380952380953
Circle,10,29465.954966863977,14233.891412877012,25.71428571428571,23.333333333333332,7.0,52.5,30.11904761904762
Punggol LRT,384,4509.612084797705,4214.856894907421,33.33333333333333,20.0,1.0,43.9,30.11333333333333
North-South,991B,1481.883584656546,1481.883584656546,2.380952380952381,50.0,1.0,45.6,30.072380952380954
North-South,159B,1310.8611187595284,871.935617065032,2.380952380952381,50.0,1.0,44.9,29.932380952380953
East-West,292,4845.120280945178,4216.571620100114,1.9607843137254901,60.0,3.0,21.0,28.984313725490196
Punggol LRT,386A,2230.9771023055832,2019.3801234058271,16.666666666666664,33.33333333333333,1.0,42.3,28.46
Sengkang LRT,86,12793.803203728243,6040.566531996476,28.57142857142857,7.6923076923076925,1.0,67.1,27.925494505494505
Sengkang LRT,85A,10971.779221356623,2900.482623158297,28.57142857142857,9.090909090909092,1.0,62.9,27.644935064935066
North-South,990,9522.09097950461,7320.124954933953,4.761904761904762,40.0,4.0,48.3,27.564761904761905
Downtown,67,30761.463661661237,19834.301858807557,17.5,19.35483870967742,6.0,63.7,27.48193548387097
Cross Island,114,3755.500572446714,3079.0336955411685,4.545454545454546,50.0,2.0,28.3,27.47818181818182
Circle,57,19299.12003946031,8045.6142499123,17.142857142857142,25.0,5.0,51.0,27.057142857142857
Cross Island,112A,3991.852191526769,2315.3550076716792,4.545454545454546,50.0,2.0,25.1,26.83818181818182
Bukit Panjang LRT,972,34503.30439651207,9130.725620400985,33.33333333333333,8.571428571428571,3.0,50.1,26.781904761904762
Bukit Panjang LRT,920,6719.635568682847,6138.347396758025,33.33333333333333,14.285714285714285,1.0,37.0,26.44761904761905
Bukit Panjang LRT,190A,16099.406547333549,4019.525418519827,33.33333333333333,5.88235294117647,1.0,53.7,26.426274509803925
Circle,91,4749.668386742104,4749.668386742104,5.714285714285714,40.0,2.0,38.4,25.965714285714284
North-East,45A,1764.569099402489,1079.2921429800335,4.761904761904762,50.0,1.0,19.6,25.824761904761907
North-South,859T,6901.8597465557505,4730.213059745445,7.142857142857142,42.857142857142854,3.0,26.9,25.38
North-South,882A,1439.7605402477418,849.6981470379744,2.380952380952381,50.0,1.0,22.1,25.372380952380954
East-West,240A,1424.8586351033296,574.1552350628426,3.9215686274509802,50.0,1.0,17.6,25.088627450980393
Downtown,852,21916.782848835563,6490.149538016277,7.5,31.818181818181817,7.0,46.2,24.96727272727273
Thomson East Coast,158A,9716.071199937729,4650.73310164107,5.263157894736842,40.0,4.0,34.3,24.965263157894736
North-East,666,20838.567157741938,9817.709349368522,19.047619047619047,9.523809523809524,2.0,67.3,24.88857142857143
Sengkang LRT,102,22426.85164983932,10964.60888563907,28.57142857142857,4.3478260869565215,1.0,57.7,24.70770186335404
Jurong Region,51A,2610.9034728282204,2315.2308836571924,5.88235294117647,33.33333333333333,1.0,44.2,24.526274509803923
Jurong Region,199,9731.601788281645,6742.793072926739,23.52941176470588,20.0,2.0,35.1,24.431764705882355
Circle,30,32624.14942012272,13001.411239460747,17.142857142857142,18.181818181818183,6.0,51.4,24.409870129870132
Jurong Region,333,6560.938008297976,5162.935426067685,11.76470588235294,28.57142857142857,2.0,40.8,24.294453781512605
Jurong Region,78A,5186.646828106051,2388.4273975592514,5.88235294117647,33.33333333333333,2.0,42.1,24.10627450980392
North-South,983M,2112.1834605081613,1640.5436306316442,2.380952380952381,33.33333333333333,1.0,49.0,24.085714285714285
Circle,143,25253.551958927812,8303.883875993994,14.285714285714285,19.230769230769234,5.0,53.1,24.02659340659341
Downtown,60T,5922.9153509570915,3649.5927013035825,5.0,33.33333333333333,2.0,42.6,23.85333333333333
North-South,231,5566.816894324513,4889.035028608618,2.380952380952381,33.33333333333333,2.0,46.2,23.525714285714287
North-South,232,5556.888035090133,3680.376653650104,2.380952380952381,33.33333333333333,2.0,45.5,23.385714285714286
North-South,167,27389.091885337468,9231.353410235115,11.904761904761903,17.857142857142858,5.0,56.7,23.24476190476191
Circle,191,5865.008364968439,3480.623002316448,5.714285714285714,33.33333333333333,2.0,38.1,23.239047619047618
Circle,200A,6631.676128600394,5149.985260543412,11.428571428571429,28.57142857142857,2.0,36.0,23.2
Sengkang LRT,969A,18350.740475888466,4586.310989153674,28.57142857142857,5.263157894736842,1.0,47.9,23.113834586466165
North-South,991,9559.630375305649,5683.260738541558,11.904761904761903,20.0,2.0,50.8,22.921904761904763
Punggol LRT,84W,5231.193672101262,4779.877334635877,16.666666666666664,16.666666666666664,1.0,47.1,22.75333333333333
Downtown,961M,34271.9525205817,15758.02715902806,27.500000000000004,5.714285714285714,2.0,46.9,22.665714285714287
Downtown,65,21793.27784754963,13436.020295311566,20.0,13.636363636363635,3.0,46.0,22.654545454545456
Jurong Region,179,7984.510854863147,3322.358191102514,11.76470588235294,25.0,2.0,39.5,22.60588235294118
North-South,979,10080.788183745488,5104.260294017682,7.142857142857142,27.27272727272727,3.0,44.0,22.566233766233765
Punggol LRT,39B,7420.013656991576,3260.4433397945045,16.666666666666664,12.5,1.0,54.2,22.506666666666668
Jurong Region,79T,10006.09911372469,3868.224368597847,17.647058823529413,18.181818181818183,2.0,40.8,22.491550802139038
Circle,95,9090.64718950066,5887.551440414034,5.714285714285714,30.0,3.0,39.0,22.08571428571429
North-East,82,15585.075286678508,11651.824687071825,19.047619047619047,18.75,3.0,34.8,22.07904761904762
Circle,92,10465.535539399183,5842.250801247614,8.571428571428571,27.27272727272727,3.0,38.1,21.957662337662338
North-East,107,13478.721760219702,6654.185073816652,14.285714285714285,14.285714285714285,2.0,52.5,21.92857142857143
Circle,158,21533.510975439887,11911.648738998245,14.285714285714285,18.181818181818183,4.0,44.3,21.847012987012988
Jurong Region,243G,3918.1963883104763,2669.78392086843,11.76470588235294,25.0,1.0,35.6,21.82588235294118
Downtown,125A,2267.7929978810225,1429.4874417462515,2.5,33.33333333333333,1.0,37.0,21.733333333333334
North-South,913M,8741.84598905003,6468.287305621436,4.761904761904762,33.33333333333333,3.0,32.3,21.698095238095238
North-East,107M,22583.28546291204,13658.95650327624,19.047619047619047,13.043478260869565,3.0,44.3,21.696438923395444
Jurong Region,160A,3686.5961200411066,2127.82482555919,5.88235294117647,25.0,1.0,46.6,21.672941176470587
Jurong Region,249A,6750.611440595148,3601.9604351196917,17.647058823529413,14.285714285714285,1.0,44.1,21.59310924369748
North-East,146,4233.231282371272,3017.0286701026816,4.761904761904762,40.0,2.0,18.0,21.504761904761907
Thomson East Coast,900,6377.9410635289105,4481.074298022046,5.263157894736842,28.57142857142857,2.0,39.4,21.413834586466166
East-West,241,4931.493342403634,3106.6452995204572,3.9215686274509802,40.0,2.0,19.2,21.408627450980394
Punggol LRT,382W,4320.9784738510725,3086.3375676411056,16.666666666666664,20.0,1.0,33.6,21.386666666666667
Punggol LRT,382,4353.860499717232,3313.7559081575937,16.666666666666664,20.0,1.0,33.5,21.366666666666667
Thomson East Coast,150,5858.431458964868,1992.987510581071,2.631578947368421,33.33333333333333,2.0,34.6,21.3059649122807
Circle,200,13259.800861955442,10381.093564691013,14.285714285714285,21.428571428571427,3.0,35.1,21.305714285714284
Punggol LRT,39A,10009.576733008686,3420.814122648343,16.666666666666664,9.090909090909092,1.0,55.0,21.303030303030305
North-East,53M,5418.481565757606,2510.168952199702,9.523809523809524,33.33333333333333,2.0,20.5,21.242857142857144
Downtown,961,32571.02091353537,14040.258352198085,22.5,6.0606060606060606,2.0,48.9,21.204242424242423
Downtown,170,30017.43088102388,15308.981904814325,17.5,9.67741935483871,3.0,51.1,21.090967741935486
Thomson East Coast,132,21353.278341126483,9413.078553059262,18.421052631578945,13.636363636363635,3.0,41.2,21.06296650717703
North-South,71,15062.33513758788,8232.234314881905,9.523809523809524,18.75,3.0,48.6,21.02952380952381
Punggol LRT,382G,4391.943218402585,3351.8386268429467,16.666666666666664,20.0,1.0,31.8,21.026666666666667
Circle,30e,20516.083508728112,11191.731556250821,11.428571428571429,14.285714285714285,3.0,53.1,20.90571428571429
Thomson East Coast,16,18738.782328205652,7417.5298621491675,15.789473684210526,15.789473684210526,3.0,40.7,20.771578947368422
Cross Island,114A,2079.1304567289644,1610.5033392935788,4.545454545454546,33.33333333333333,1.0,28.0,20.75151515151515
North-South,183B,3570.615761835056,1885.398517642756,2.380952380952381,25.0,1.0,47.8,20.51238095238095
East-West,51,34299.2020730596,14245.71187298033,9.803921568627452,8.571428571428571,3.0,65.6,20.47014005602241
Thomson East Coast,196e,11257.824922592308,8925.605262909421,15.789473684210526,16.666666666666664,2.0,37.4,20.462456140350877
Thomson East Coast,16M,19142.933769919295,7417.5298621491675,15.789473684210526,15.0,3.0,40.7,20.455789473684213
East-West,105,25886.71334637706,8779.05850126426,11.76470588235294,7.6923076923076925,2.0,63.1,20.402805429864255
Thomson East Coast,269,6776.406409920676,4076.5062298744074,2.631578947368421,28.57142857142857,2.0,39.3,20.341203007518796
Bukit Panjang LRT,171,26155.38469058566,5645.426786789301,16.666666666666664,14.814814814814813,4.0,38.2,20.232592592592592
East-West,185,15853.23268999468,6334.494750576738,11.76470588235294,12.5,2.0,52.1,20.12588235294118
Jurong Region,172,12722.528337984986,3445.062659614854,23.52941176470588,7.6923076923076925,1.0,38.0,20.08868778280543
East-West,9A,6982.1934335686055,4637.794279899203,9.803921568627452,28.57142857142857,2.0,22.8,19.91014005602241
Jurong Region,243W,4000.9892701544245,2714.868097605223,11.76470588235294,20.0,1.0,35.7,19.845882352941178
Thomson East Coast,138,25316.504237761583,10455.184244475859,10.526315789473683,15.384615384615385,4.0,47.4,19.84437246963563
Circle,131,17641.855876533034,6673.591008757612,14.285714285714285,5.555555555555555,1.0,59.2,19.77650793650794
Circle,97,18817.345209287054,9369.92336331765,14.285714285714285,10.526315789473683,2.0,48.6,19.644812030075187
North-South,131A,9746.452764577518,5039.353003992073,7.142857142857142,20.0,2.0,43.9,19.637142857142855
Jurong Region,242,4141.560872713472,3521.043928923492,11.76470588235294,20.0,1.0,34.5,19.60588235294118
Cross Island,109,20160.90189366494,8814.596825542987,13.636363636363635,9.523809523809524,2.0,51.5,19.564069264069264
Circle,156,23073.58286164635,6005.581565396265,11.428571428571429,12.5,3.0,49.9,19.551428571428573
Downtown,61,33237.08406064696,11739.77650729804,17.5,8.823529411764707,3.0,44.6,19.449411764705882
Downtown,228,8983.0979603073,6736.740743449382,5.0,22.22222222222222,2.0,42.1,19.308888888888887
North-East,62A,13963.844813207144,3341.165957782382,14.285714285714285,14.285714285714285,2.0,39.3,19.28857142857143
Jurong Region,79,20226.72887586048,7891.107157068259,17.647058823529413,9.523809523809524,2.0,42.1,19.288347338935573
Punggol LRT,39,24190.177056562217,3420.814122648343,16.666666666666664,4.0,1.0,55.0,19.266666666666666
East-West,63,33442.621666887135,22452.05997747128,13.725490196078432,5.88235294117647,2.0,56.0,19.043137254901964
Downtown,970,22410.902676447047,9257.54572812657,17.5,8.695652173913043,2.0,42.7,19.018260869565218
Downtown,137A,3709.868392404359,1479.3865646329123,2.5,25.0,1.0,40.0,19.0
Thomson East Coast,169B,3039.6981513925803,1200.9856046250518,2.631578947368421,25.0,1.0,39.6,18.972631578947368
Cross Island,72,15186.340769156588,4580.217663174267,13.636363636363635,12.5,2.0,42.4,18.934545454545454
North-South,947,4030.551120240825,2614.4350625977468,2.380952380952381,20.0,1.0,49.6,18.872380952380954
East-West,52,21697.949790150516,5364.289254239515,7.8431372549019605,9.090909090909092,2.0,59.7,18.713618538324422
Thomson East Coast,980,22536.933480775042,5125.689302961632,10.526315789473683,8.695652173913043,2.0,55.1,18.708787185354694
Downtown,5B,3381.2392446284,1647.1264494902366,2.5,25.0,1.0,38.5,18.7
Circle,166,26255.202152184418,9951.496888224705,17.142857142857142,7.4074074074074066,2.0,44.2,18.66010582010582
Circle,106,19535.987287222502,7517.568614841315,14.285714285714285,10.0,2.0,44.6,18.634285714285717
East-West,98A,2960.207397446955,1000.1460668684524,3.9215686274509802,33.33333333333333,1.0,18.3,18.561960784313726
Jurong Region,249,14592.396078976602,7071.070003102848,17.647058823529413,6.666666666666667,1.0,44.1,18.545490196078433
North-East,325,9460.045397047497,6529.880419196064,9.523809523809524,30.0,3.0,13.6,18.52952380952381
North-South,117A,3356.4541229599,1426.2440113489247,2.380952380952381,25.0,1.0,37.5,18.452380952380953
Downtown,8,15544.667289380148,7346.990175740271,10.0,12.5,2.0,47.0,18.4
Jurong Region,181,5074.947432491695,4788.4808468224655,11.76470588235294,16.666666666666664,1.0,35.0,18.372549019607842
North-East,80,20960.779324581068,9594.68578094773,9.523809523809524,9.523809523809524,2.0,53.7,18.359047619047622
Circle,93,22579.982576667324,8414.882502620849,17.142857142857142,4.3478260869565215,1.0,48.8,18.35627329192547
East-West,154A,2451.852352032764,689.9702717951974,3.9215686274509802,33.33333333333333,1.0,17.2,18.341960784313724
North-South,187,21476.538084868138,7076.629020621436,11.904761904761903,9.090909090909092,2.0,49.6,18.3182683982684
Thomson East Coast,901,4759.562513387835,4266.100248879768,5.263157894736842,20.0,1.0,40.8,18.265263157894736
Circle,95B,3565.123930252235,1978.3582567486624,2.857142857142857,25.0,1.0,35.5,18.242857142857144
Downtown,63M,10167.416595024952,6733.9581867287025,7.5,18.181818181818183,2.0,38.9,18.052727272727275
Downtown,661,19827.38714887872,7842.468248423682,12.5,10.0,2.0,44.7,17.94
Jurong Region,181M,5683.547588230546,5463.274892353447,11.76470588235294,16.666666666666664,1.0,32.8,17.93254901960784
East-West,198,18285.20817283229,8955.995599986976,7.8431372549019605,10.526315789473683,2.0,52.9,17.92778121775026
North-South,807A,3618.850716247456,752.8582862428004,2.380952380952381,25.0,1.0,34.6,17.872380952380954
Downtown,23,27525.88000508316,20418.64629301547,17.5,7.142857142857142,2.0,39.6,17.77714285714286
Sengkang LRT,110,34327.188719724574,8545.301895521323,14.285714285714285,2.857142857142857,1.0,54.5,17.75714285714286
Downtown,184,20775.261198800257,11352.958859567994,10.0,14.285714285714285,3.0,40.2,17.754285714285714
East-West,63A,16333.890553811718,11151.318290811403,9.803921568627452,5.88235294117647,1.0,57.3,17.73450980392157
Thomson East Coast,138A,12629.665596803827,5187.162265432089,5.263157894736842,15.384615384615385,2.0,47.3,17.71910931174089
North-East,64,27108.23106320999,9992.016301509171,14.285714285714285,7.142857142857142,2.0,45.5,17.67142857142857
Downtown,157,22097.20481469731,5895.425285152967,7.5,13.043478260869565,3.0,47.0,17.617391304347827
North-South,162,17878.534219737376,8278.1212828273,9.523809523809524,11.11111111111111,2.0,46.8,17.613968253968252
Circle,502A,24555.671286098313,5771.624512635393,14.285714285714285,8.0,2.0,43.2,17.554285714285715
North-East,147,25623.930616318463,10685.88344005133,14.285714285714285,3.8461538461538463,1.0,51.4,17.532747252747253
Cross Island,43M,16991.046621008,9266.03843125258,13.636363636363635,11.76470588235294,2.0,36.8,17.52042780748663
North-East,62,30282.467377813442,6940.571863861738,14.285714285714285,6.451612903225806,2.0,46.0,17.49493087557604
East-West,96A,3683.643325360924,1502.8227853334663,1.9607843137254901,25.0,1.0,33.2,17.424313725490197
Cross Island,6,10097.13847287611,4280.330173323844,9.090909090909092,18.181818181818183,2.0,32.5,17.40909090909091
Downtown,94A,4344.118769496251,1041.4120607196578,2.5,20.0,1.0,42.0,17.4
North-East,101,13267.620332098084,9497.219718096789,14.285714285714285,14.285714285714285,2.0,29.8,17.38857142857143
Downtown,59,23268.640017473008,9764.930732528406,10.0,8.333333333333332,2.0,50.1,17.353333333333335
Circle,410W,7822.362312269525,3496.397179467319,5.714285714285714,12.5,1.0,50.1,17.305714285714288
Thomson East Coast,47,19323.8292505502,8762.332808415733,7.894736842105263,15.0,3.0,40.4,17.237894736842108
North-South,56,9429.596668758853,5594.312416676514,7.142857142857142,10.0,1.0,51.9,17.237142857142857
North-South,941,5312.523083910216,2621.2213721791277,2.380952380952381,16.666666666666664,1.0,48.0,17.219047619047622
Cross Island,324,3156.4836301596124,2541.157538290938,4.545454545454546,25.0,1.0,27.0,17.21818181818182
Cross Island,159A,7364.373394842857,4011.7588500356187,9.090909090909092,12.5,1.0,42.8,17.196363636363635
North-South,307A,5323.891368678425,4932.663224565346,4.761904761904762,16.666666666666664,1.0,43.1,17.191428571428574
North-South,124,15816.565389100102,6087.5677836768045,7.142857142857142,12.5,2.0,46.6,17.177142857142858
East-West,196,27767.692168184352,10216.683544289317,7.8431372549019605,7.142857142857142,2.0,55.8,17.15439775910364
Jurong Region,179A,7251.579630250195,3539.6067668405194,11.76470588235294,12.5,1.0,37.2,17.14588235294118
Circle,70,21488.77995983815,11059.00378833805,8.571428571428571,9.090909090909092,2.0,50.3,17.124935064935066
Downtown,133,15610.262787539445,7258.611857671856,7.5,12.5,2.0,45.0,17.0
North-South,912M,4745.58784505248,4507.534422008755,4.761904761904762,20.0,1.0,35.4,16.984761904761903
Jurong Region,194,6081.198809456304,4541.941223616568,5.88235294117647,14.285714285714285,1.0,44.5,16.9672268907563
North-South,811,12799.93458034272,7778.148451343514,9.523809523809524,15.384615384615385,2.0,34.9,16.943369963369964
North-South,811T,12799.93458034272,7778.148451343514,9.523809523809524,15.384615384615385,2.0,34.9,16.943369963369964
East-West,32,20959.67986459646,11409.782950528273,5.88235294117647,9.523809523809524,2.0,53.5,16.8624649859944
East-West,21A,3062.01665764968,1742.4720107581065,1.9607843137254901,25.0,1.0,30.3,16.844313725490196
Thomson East Coast,670,21698.89405977186,9554.927680494591,10.526315789473683,9.090909090909092,2.0,44.7,16.78688995215311
North-East,123M,7708.255434303579,3258.635880195364,4.761904761904762,25.0,2.0,24.4,16.784761904761904
Thomson East Coast,36B,25675.006849774065,17426.232322630003,13.157894736842104,7.6923076923076925,2.0,42.2,16.78008097165992
Downtown,60,12231.920996742083,6472.233305040981,5.0,15.384615384615385,2.0,43.1,16.773846153846154
North-South,859,13966.969225576504,9368.98045653606,7.142857142857142,21.428571428571427,3.0,26.7,16.768571428571427
Circle,410G,8245.96481762293,3596.814867586019,5.714285714285714,11.11111111111111,1.0,50.1,16.75015873015873
East-West,111,21092.163409388686,10775.048915725532,9.803921568627452,9.090909090909092,2.0,45.9,16.737932263814617
North-South,54,15103.10194704635,6111.504079928473,7.142857142857142,6.25,1.0,56.9,16.737142857142857
Downtown,177,9646.957592030258,4774.6860809835125,2.5,20.0,2.0,38.5,16.7
North-South,850E,19273.85273369399,9169.811619319147,7.142857142857142,5.0,1.0,59.1,16.677142857142858
East-West,145,19143.752769769042,10055.678495286304,11.76470588235294,5.0,1.0,49.7,16.64588235294118
Jurong Region,993,7336.205499057263,4309.641613473035,5.88235294117647,12.5,1.0,46.4,16.632941176470588
North-South,851e,17668.262216826795,12576.303450204829,7.142857142857142,5.555555555555555,1.0,57.3,16.53936507936508
North-South,663,20263.743410261526,7939.611734953998,7.142857142857142,4.761904761904762,1.0,58.7,16.501904761904765
North-South,86B,5465.546051662306,1313.6473421863247,2.380952380952381,16.666666666666664,1.0,44.3,16.47904761904762
North-South,858A,8155.530254852532,4852.477636554969,4.761904761904762,22.22222222222222,2.0,28.4,16.473650793650794
Circle,70A,19379.916050788324,10370.900865703514,5.714285714285714,10.0,2.0,50.9,16.465714285714284
Circle,97e,18567.509463086266,9304.013235407241,11.428571428571429,5.263157894736842,1.0,48.7,16.41669172932331
Thomson East Coast,36,44616.36445851761,22222.688024251012,13.157894736842104,4.444444444444445,2.0,46.7,16.38093567251462
North-South,86A,5380.591997541601,1141.3005556525518,2.380952380952381,16.666666666666664,1.0,43.7,16.35904761904762
North-South,807B,4801.188133397121,1935.1957033924662,2.380952380952381,20.0,1.0,37.0,16.352380952380955
North-South,141,8142.392116368868,2608.85178408912,4.761904761904762,11.11111111111111,1.0,49.9,16.329206349206352
Cross Island,81,29464.17208608469,11026.991015265818,9.090909090909092,6.666666666666667,2.0,50.1,16.323030303030304
Downtown,668,16516.69372823152,4729.99649524776,7.5,11.76470588235294,2.0,42.9,16.285882352941176
North-South,960,24478.867426809302,7719.948443007364,9.523809523809524,8.0,2.0,46.1,16.229523809523812
East-West,186,16189.98650565679,5579.582143376154,5.88235294117647,11.76470588235294,2.0,45.8,16.218823529411765
North-South,307,9160.683287061938,7283.969333616943,7.142857142857142,10.0,1.0,46.6,16.177142857142858
Downtown,5,28469.105274257297,11220.305565327146,12.5,6.896551724137931,2.0,41.9,16.138620689655173
Circle,11,7222.816315945229,4258.248950664888,2.857142857142857,12.5,1.0,49.7,16.082857142857144
Thomson East Coast,134,11883.039911586475,4962.1237526582845,5.263157894736842,16.666666666666664,2.0,36.4,16.0519298245614
North-South,652,16454.41811781865,6298.263353479579,4.761904761904762,5.88235294117647,1.0,58.8,16.017703081232494
North-South,811A,4203.451710954128,1720.4546325830695,4.761904761904762,20.0,1.0,30.3,15.964761904761906
North-South,912,13371.041296301715,11089.864697207106,9.523809523809524,14.285714285714285,2.0,32.2,15.963809523809525
East-West,2,24444.77643374008,15559.09751133807,9.803921568627452,8.0,2.0,44.2,15.961568627450983
Sengkang LRT,27A,9339.076220003823,2184.3007819913173,14.285714285714285,10.0,1.0,31.2,15.954285714285716
North-South,859B,3449.2755713022116,2558.1810361692174,2.380952380952381,25.0,1.0,25.0,15.952380952380953
Downtown,139,14603.585871534766,3304.6318375246756,7.5,13.333333333333334,2.0,37.9,15.913333333333334
East-West,180,19461.67669811143,8547.108483004566,3.9215686274509802,15.0,3.0,41.7,15.908627450980394
North-South,859A,3215.709293521909,2497.8192245817386,2.380952380952381,25.0,1.0,24.7,15.892380952380954
North-South,857A,6675.837953575757,3130.4491397755373,4.761904761904762,14.285714285714285,1.0,41.2,15.859047619047619
North-South,851,21757.37338487245,7794.79871541951,7.142857142857142,4.545454545454546,1.0,55.9,15.855324675324676
Cross Island,89,38696.75012734962,12015.304682697171,13.636363636363635,5.128205128205128,2.0,41.7,15.845827505827508
Downtown,518,50208.05221946256,17696.190029205205,17.5,3.9215686274509802,2.0,36.3,15.828627450980392
Cross Island,53,43566.49208256778,11026.991015265816,9.090909090909092,2.272727272727273,1.0,56.4,15.825454545454548
Cross Island,159,16671.168582885788,5044.324297129521,13.636363636363635,5.88235294117647,1.0,40.0,15.807486631016042
Downtown,857B,19239.222870268946,4623.7077328977975,10.0,10.0,2.0,39.0,15.8
Cross Island,88,21097.155930172838,5415.248683304621,13.636363636363635,4.545454545454546,1.0,42.4,15.752727272727274
Circle,70M,39038.921801784585,21335.866346706425,8.571428571428571,5.0,2.0,51.4,15.70857142857143
Downtown,291,8650.11268402259,5595.455168021017,7.5,11.11111111111111,1.0,41.3,15.704444444444444
Downtown,174,24775.864175896328,8976.747054891088,12.5,4.0,1.0,45.5,15.7
North-South,235,6662.3147317185785,3409.176787364802,2.380952380952381,14.285714285714285,1.0,45.1,15.686666666666667
East-West,502,48413.86804983523,20724.611092013667,7.8431372549019605,2.0408163265306123,1.0,58.6,15.67358143257303
Thomson East Coast,665,22978.673962006767,6727.221585253928,13.157894736842104,4.3478260869565215,1.0,43.1,15.622288329519453
North-South,962B,3716.6878895739123,1123.4468474684911,2.380952380952381,25.0,1.0,23.1,15.572380952380954
Downtown,982E,21086.957514443624,5384.482958141845,5.0,9.090909090909092,2.0,49.6,15.556363636363638
Downtown,151,23394.96939155615,6188.138691083845,7.5,8.333333333333332,2.0,46.0,15.533333333333335
Circle,654,17167.915966825043,5208.961623976904,11.428571428571429,5.555555555555555,1.0,43.6,15.513650793650795
Thomson East Coast,130,13996.648298573731,4688.635590688791,7.894736842105263,14.285714285714285,2.0,33.2,15.51218045112782
North-East,671,18347.019630617026,5345.122486492422,9.523809523809524,5.263157894736842,1.0,47.8,15.474786967418547
East-West,33,23512.721086866735,12608.688773097501,9.803921568627452,4.166666666666666,1.0,49.3,15.448235294117646
North-East,147A,14592.5879292439,9219.478298178525,9.523809523809524,6.666666666666667,1.0,44.7,15.416190476190478
North-South,854e,18134.68453638127,2800.970353024055,2.380952380952381,10.526315789473683,2.0,51.1,15.382907268170428
East-West,653,17776.003564041166,4711.311879975616,3.9215686274509802,11.11111111111111,2.0,46.7,15.353071895424838
East-West,122,13518.259159252515,11993.365106447844,3.9215686274509802,7.142857142857142,1.0,54.6,15.345770308123251
Cross Island,268,14622.293344061402,5900.1851729137525,9.090909090909092,13.333333333333334,2.0,31.8,15.329696969696972
Downtown,15A,10215.316210625731,5004.158993016088,7.5,9.090909090909092,1.0,43.4,15.316363636363636
North-South,951E,21270.13711591172,6013.432395245774,7.142857142857142,4.545454545454546,1.0,53.2,15.315324675324677
Thomson East Coast,901M,7672.523436647984,4145.9187567912395,5.263157894736842,12.5,1.0,41.0,15.305263157894737
East-West,25,16734.968897409726,5082.968880109562,7.8431372549019605,11.76470588235294,2.0,37.3,15.303137254901962
East-West,24,45129.78178311634,21884.822076793367,13.725490196078432,6.521739130434782,3.0,35.9,15.278891730605286
Cross Island,116A,3132.1811324822265,1328.5253341315567,4.545454545454546,25.0,1.0,17.3,15.27818181818182
North-South,853,17041.799805977214,6363.3666349931555,4.761904761904762,5.555555555555555,1.0,55.2,15.16698412698413
Cross Island,88A,8799.609661904156,3858.7911294699707,9.090909090909092,11.11111111111111,1.0,35.1,15.100808080808083
Circle,129B,6883.038183191586,1128.606572235872,2.857142857142857,14.285714285714285,1.0,41.2,15.097142857142858
Downtown,960e,21158.975887709523,5858.792717154075,5.0,9.090909090909092,2.0,47.3,15.096363636363636
East-West,195A,19839.88446635891,7836.499043020287,5.88235294117647,5.0,1.0,53.7,15.09294117647059
Cross Island,74,24281.503815261043,6174.990732602251,18.181818181818183,4.0,1.0,31.1,15.092727272727274
North-South,965,37464.515554215766,15694.416101932877,11.904761904761903,7.894736842105263,3.0,35.8,15.079799498746867
Downtown,77,16357.382833612417,5003.89446231078,10.0,5.88235294117647,1.0,43.3,15.012941176470589
Circle,660,15090.891482551362,3804.406294013491,11.428571428571429,6.25,1.0,39.3,14.931428571428572
Bukit Panjang LRT,963e,25180.539744778052,3699.1595698204646,16.666666666666664,3.8461538461538463,1.0,33.6,14.925128205128205
North-East,100A,4355.531474592249,1794.2293056749936,4.761904761904762,20.0,1.0,24.8,14.864761904761906
Thomson East Coast,196A,14029.060634263102,7354.377286535588,10.526315789473683,6.666666666666667,1.0,39.9,14.85719298245614
Bukit Panjang LRT,963,26184.28649698004,3713.5280550979282,16.666666666666664,3.7037037037037033,1.0,33.4,14.828148148148147
East-West,222A,3395.896617041105,2559.1100432141657,1.9607843137254901,25.0,1.0,19.8,14.744313725490198
East-West,195,24937.311104294637,9733.379697636396,5.88235294117647,4.0,1.0,53.9,14.73294117647059
East-West,222B,3178.3185851988737,2625.319374698936,1.9607843137254901,25.0,1.0,19.7,14.724313725490196
North-East,113,12847.442030920482,8897.544053617932,9.523809523809524,15.384615384615385,2.0,23.8,14.723369963369965
East-West,672,16414.41790825629,6544.623132538558,7.8431372549019605,11.76470588235294,2.0,34.3,14.70313725490196
East-West,120,17103.29837831475,5701.940476964034,5.88235294117647,5.555555555555555,1.0,50.6,14.695163398692811
Downtown,21,23957.99728720336,9774.165452435402,10.0,4.166666666666666,1.0,45.1,14.686666666666667
Jurong Region,405,13325.297932651702,2783.8116381446107,11.76470588235294,7.142857142857142,1.0,35.6,14.683025210084034
North-South,912A,5209.144497499855,4855.068457584859,4.761904761904762,16.666666666666664,1.0,30.5,14.67142857142857
Jurong Region,78,21310.996564238554,4726.359027877825,5.88235294117647,9.090909090909092,2.0,43.4,14.669304812834225
Downtown,15,26459.36927818717,10000.67212454192,7.5,7.4074074074074066,2.0,43.5,14.662962962962965
Circle,129A,6469.2125842652285,674.9323274187828,2.857142857142857,14.285714285714285,1.0,39.0,14.657142857142858
Cross Island,43e,14761.62852628094,5036.41252619718,13.636363636363635,13.333333333333334,2.0,19.2,14.627878787878789
East-West,651,21974.77768135688,8589.052534285667,3.9215686274509802,4.545454545454546,1.0,56.2,14.626809269162212
Downtown,118B,9742.223824909124,1054.6186425082699,2.5,10.0,1.0,48.1,14.620000000000001
Cross Island,127,7513.595681113301,2997.283911276517,4.545454545454546,12.5,1.0,39.0,14.618181818181819
East-West,282,4977.5780426681895,2938.5204873092734,1.9607843137254901,20.0,1.0,29.1,14.604313725490197
Circle,176,20540.37313231793,4538.555969974049,2.857142857142857,9.523809523809524,2.0,47.7,14.492380952380953
Cross Island,359,11258.530468382944,5602.3847697296105,9.090909090909092,8.333333333333332,1.0,37.6,14.48969696969697
Downtown,75,20175.159277233004,5816.289453625957,2.5,9.523809523809524,2.0,48.3,14.46952380952381
East-West,222,9781.576524205278,7658.819844930148,5.88235294117647,20.0,2.0,20.5,14.452941176470588
North-South,969,24775.7293881895,7269.850774524752,9.523809523809524,8.0,2.0,37.2,14.44952380952381
Cross Island,116,10361.432523378822,4482.625439174924,9.090909090909092,18.181818181818183,2.0,17.7,14.44909090909091
Thomson East Coast,48,21824.417855420772,10254.595876468498,7.894736842105263,4.545454545454546,1.0,46.9,14.356076555023925
East-West,974,29849.905623244704,8422.060449381477,9.803921568627452,3.3333333333333335,1.0,45.3,14.314901960784315
Circle,165,21939.84958671033,4826.996634078709,5.714285714285714,4.545454545454546,1.0,51.0,14.303896103896106
North-East,153,17601.933595610917,4427.43582231497,4.761904761904762,5.555555555555555,1.0,50.8,14.286984126984127
Downtown,3A,8578.848966852898,3042.007733989749,5.0,11.11111111111111,1.0,39.2,14.284444444444446
Thomson East Coast,860T,12942.490429179192,2523.813593877352,5.263157894736842,7.6923076923076925,1.0,45.2,14.222186234817816
North-East,136,14420.303407852074,4141.237835569543,9.523809523809524,6.666666666666667,1.0,38.7,14.216190476190476
East-West,335,9100.863868822413,7561.672583242473,5.88235294117647,20.0,2.0,19.3,14.21294117647059
East-West,197,28490.51625132341,11183.063231917851,5.88235294117647,3.4482758620689653,1.0,52.4,14.212251521298175
North-South,912B,8161.896798801859,6234.796239622245,7.142857142857142,11.11111111111111,1.0,34.1,14.121587301587303
Downtown,518A,27257.45647848291,6566.6875043614955,7.5,7.142857142857142,2.0,41.3,14.117142857142857
Circle,655,15588.450965471535,2918.6757754526493,2.857142857142857,6.25,1.0,52.2,14.082857142857144
East-West,96,5991.135602421812,2952.873721767429,1.9607843137254901,16.666666666666664,1.0,33.1,14.070980392156862
Cross Island,261,4054.194854619472,2904.056248730755,4.545454545454546,20.0,1.0,21.2,14.058181818181819
Thomson East Coast,656,21731.516756758123,8354.619444497264,7.894736842105263,4.545454545454546,1.0,45.4,14.056076555023925
Cross Island,72A,5777.819843558549,1130.4272141393315,4.545454545454546,16.666666666666664,1.0,27.8,14.044848484848485
East-West,192,11528.088885242363,9260.10653202457,7.8431372549019605,16.666666666666664,2.0,21.2,14.04392156862745
Thomson East Coast,513,16194.147783641614,5456.501038602857,7.894736842105263,5.88235294117647,1.0,42.6,14.030835913312695
East-West,657,18588.643255464583,11183.757476224762,3.9215686274509802,5.263157894736842,1.0,51.5,13.97389060887513
East-West,868E,20707.411049702103,16184.032180716273,3.9215686274509802,4.761904761904762,1.0,52.3,13.933389355742298
East-West,100,21826.599911915,10651.39554246654,5.88235294117647,4.545454545454546,1.0,48.8,13.931122994652407
East-West,33A,9838.070837070758,4048.1463171401565,3.9215686274509802,10.0,1.0,41.8,13.928627450980391
North-South,925,14826.937126987315,5346.393847548722,7.142857142857142,6.666666666666667,1.0,42.0,13.923809523809524
North-South,265,13022.38559750468,5680.903474692321,4.761904761904762,7.142857142857142,1.0,45.7,13.901904761904763
Downtown,190,19917.253751387732,5963.407323497464,7.5,5.0,1.0,44.4,13.88
North-South,857,38833.342633723005,8896.69933376022,4.761904761904762,2.564102564102564,1.0,54.7,13.870402930402932
East-West,180A,9819.62641617818,4251.236164688529,3.9215686274509802,10.0,1.0,41.5,13.868627450980393
North-East,142A,4515.592626587267,2255.185590224497,4.761904761904762,20.0,1.0,19.7,13.844761904761905
North-South,188e,18276.441873127438,6422.655485891708,7.142857142857142,5.263157894736842,1.0,44.3,13.822406015037593
North-South,41,12463.101420043193,3634.9765891463944,2.380952380952381,7.6923076923076925,1.0,48.9,13.80930402930403
North-South,800,6098.782603880392,3528.494330676355,4.761904761904762,14.285714285714285,1.0,30.9,13.79904761904762
East-West,7,20590.610640095772,9704.70965523096,3.9215686274509802,4.761904761904762,1.0,51.6,13.793389355742297
Thomson East Coast,860,25918.75144571644,5051.7763868450675,7.894736842105263,3.8461538461538463,1.0,45.2,13.736356275303645
Cross Island,70B,5855.475532349227,1519.2911408733628,4.545454545454546,16.666666666666664,1.0,26.2,13.724848484848485
Circle,58,18438.44997897645,6636.80237357964,8.571428571428571,5.263157894736842,1.0,40.7,13.673834586466166
North-South,925A,6516.935758236529,3021.051081519262,2.380952380952381,14.285714285714285,1.0,35.0,13.666666666666668
Cross Island,89e,17101.155060780602,4286.4626739336345,4.545454545454546,5.555555555555555,1.0,48.0,13.640404040404043
Downtown,12e,22611.13997268439,6031.23556946763,7.5,4.3478260869565215,1.0,44.5,13.639130434782608
East-West,7A,12279.64352372796,8843.209042009988,3.9215686274509802,7.6923076923076925,1.0,44.8,13.605550527903468
East-West,298,10702.565698910354,5773.076925982084,3.9215686274509802,18.181818181818183,2.0,23.8,13.601354723707665
Downtown,129,21579.779256741607,3153.395537288878,5.0,4.545454545454546,1.0,48.9,13.59818181818182
North-South,178,27273.837994663874,6054.063773370307,4.761904761904762,3.571428571428571,1.0,51.3,13.593333333333334
North-South,188,19305.188881532187,6199.5462207041,7.142857142857142,5.0,1.0,43.6,13.577142857142858
North-South,160,33053.819478743644,10828.429533025084,4.761904761904762,2.941176470588235,1.0,52.4,13.561232492997199
East-West,854,20904.45888075616,3216.395577246798,5.88235294117647,4.761904761904762,1.0,46.4,13.537703081232493
North-South,812T,9555.005564965351,7190.478777663861,7.142857142857142,10.0,1.0,33.4,13.537142857142857
North-South,812,9555.005564965351,7190.478777663861,7.142857142857142,10.0,1.0,33.4,13.537142857142857
North-South,962,14291.171358548161,9648.63393677677,7.142857142857142,13.333333333333334,2.0,26.6,13.510476190476192
Circle,855,23957.414856723994,4884.330994276072,5.714285714285714,4.166666666666666,1.0,47.7,13.492380952380953
North-South,966,56824.917344074514,7115.036082413082,7.142857142857142,5.263157894736842,3.0,42.5,13.462406015037594
North-South,965A,6208.056576763353,4895.147794320217,4.761904761904762,14.285714285714285,1.0,29.2,13.45904761904762
East-West,33B,5954.418860084902,2643.937947329777,1.9607843137254901,16.666666666666664,1.0,29.7,13.390980392156862
North-South,871,11697.391407113253,3741.579142877624,2.380952380952381,8.333333333333332,1.0,45.4,13.365714285714287
Circle,45,18629.396072259264,2502.3464205137384,2.857142857142857,10.526315789473683,2.0,40.0,13.353383458646617
East-West,667,12254.370197966755,9718.361363745527,1.9607843137254901,7.6923076923076925,1.0,47.4,13.341236802413274
North-South,117M,18923.116347627856,6321.453447624093,4.761904761904762,10.526315789473683,2.0,35.9,13.295288220551377
Downtown,174e,22633.9534031468,6043.10489983986,5.0,4.3478260869565215,1.0,47.6,13.259130434782609
East-West,2B,12028.453288258292,4255.848199338456,5.88235294117647,15.384615384615385,2.0,23.5,13.206787330316743
Thomson East Coast,401,19065.574922050317,12987.937829039302,10.526315789473683,5.0,1.0,34.9,13.190526315789473
East-West,31A,4106.480652023291,2729.331322043037,3.9215686274509802,20.0,1.0,17.9,13.148627450980392
North-South,965T,18810.16309459457,8016.181767616372,9.523809523809524,5.263157894736842,1.0,36.1,13.134786967418547
Cross Island,329,5518.913173735502,2942.5490789254663,4.545454545454546,16.666666666666664,1.0,23.1,13.104848484848485
Downtown,137,15334.741163969104,6080.078794046287,7.5,6.25,1.0,38.0,13.100000000000001
East-West,285,6701.442187099798,2156.8288300746945,1.9607843137254901,14.285714285714285,1.0,33.0,13.09859943977591
Downtown,154,29089.941856827834,8164.297322502778,7.5,3.3333333333333335,1.0,43.7,13.073333333333334
North-East,90A,8171.491896149886,1156.6330612531606,4.761904761904762,11.11111111111111,1.0,33.6,13.06920634920635
Thomson East Coast,14,31608.980373412545,9701.95551985178,2.631578947368421,3.125,1.0,53.5,13.00263157894737
Thomson East Coast,36A,22204.953565537064,10677.02057376179,5.263157894736842,4.3478260869565215,1.0,45.5,12.944393592677345
North-South,117,19101.500356890807,6321.453447624093,4.761904761904762,10.0,2.0,35.1,12.924761904761905
Downtown,973,8926.706316257794,3789.014925393255,2.5,11.11111111111111,1.0,37.1,12.864444444444445
Cross Island,262,7660.867790591285,4291.299030704276,9.090909090909092,12.5,1.0,21.1,12.856363636363637
North-East,119,15161.181055868068,10209.66110573771,4.761904761904762,12.5,2.0,29.7,12.844761904761906
North-South,927,15649.36800591853,3701.7688331048375,2.380952380952381,6.25,1.0,46.9,12.832380952380953
North-South,966A,28394.234902226468,3570.1715958157297,7.142857142857142,3.4482758620689653,1.0,42.7,12.776453201970444
East-West,121,14052.180669374819,7978.822440605069,3.9215686274509802,6.666666666666667,1.0,42.4,12.715294117647058
Downtown,18,10601.803885002628,4319.116478365811,2.5,9.090909090909092,1.0,40.2,12.676363636363638
Thomson East Coast,10e,14712.323073519485,10687.680099430117,2.631578947368421,6.666666666666667,1.0,44.6,12.639298245614036
Cross Island,73,23886.552767631532,8003.72816543557,13.636363636363635,4.166666666666666,1.0,27.3,12.581212121212122
North-South,856B,12235.763417067677,2802.0647526410858,4.761904761904762,15.384615384615385,2.0,22.4,12.538608058608059
North-South,883M,9742.601607439768,6554.937648146376,7.142857142857142,10.0,1.0,28.3,12.517142857142858
East-West,201,14472.384060333372,6184.410752463908,1.9607843137254901,13.333333333333334,2.0,31.5,12.41764705882353
Thomson East Coast,7B,9841.375960670957,2553.1383511031095,2.631578947368421,10.0,1.0,36.8,12.412631578947368
East-West,66,14361.711821766125,3917.2066792958667,5.88235294117647,13.333333333333334,2.0,23.3,12.346274509803923
Downtown,9B,10423.836352585022,1962.4973969597265,2.5,9.090909090909092,1.0,38.4,12.316363636363636
Cross Island,19,20733.16368433422,4566.167599035434,4.545454545454546,4.761904761904762,1.0,42.8,12.282943722943724
East-West,12,23438.80076572624,7747.164344009033,5.88235294117647,4.166666666666666,1.0,41.2,12.259607843137255
North-South,169,21314.72466183572,4539.268791397877,2.380952380952381,9.090909090909092,2.0,38.2,12.22874458874459
Downtown,69,11327.865708494153,5033.871740239665,2.5,8.333333333333332,1.0,39.4,12.213333333333333
Circle,58A,10946.819150422933,3368.2744116765552,2.857142857142857,9.090909090909092,1.0,36.8,12.139220779220778
North-South,861A,8580.503855980664,2739.6392462782014,4.761904761904762,11.11111111111111,1.0,28.4,12.02920634920635
Thomson East Coast,400,8611.523307256643,6662.87436643579,5.263157894736842,11.11111111111111,1.0,27.3,12.009707602339182
North-South,950,8408.219252833573,2608.9968532178814,2.380952380952381,11.11111111111111,1.0,32.3,11.856825396825396
North-South,985,21835.62948945269,4967.7166588170385,9.523809523809524,4.545454545454546,1.0,30.9,11.807705627705628
North-South,807,10727.701099740872,4129.114717285103,2.380952380952381,9.090909090909092,1.0,36.0,11.788744588744589
Circle,135,14883.948135359697,4851.882398652445,5.714285714285714,6.666666666666667,1.0,33.9,11.732380952380954
East-West,20,14421.82865348465,10566.392888199629,5.88235294117647,13.333333333333334,2.0,19.5,11.586274509803923
North-South,858,66421.38152564624,16095.485089474016,9.523809523809524,2.9850746268656714,2.0,32.8,11.563553660270077
Cross Island,68,12368.022615667956,2902.2132350862553,4.545454545454546,7.6923076923076925,1.0,32.8,11.455104895104895
East-West,27,37184.087772116065,12358.968170004695,9.803921568627452,2.631578947368421,1.0,32.3,11.434200206398348
East-West,42,5326.985925790834,3748.143477522366,1.9607843137254901,16.666666666666664,1.0,19.9,11.430980392156862
North-South,981,6225.158421410862,876.347898041967,2.380952380952381,14.285714285714285,1.0,23.6,11.386666666666667
East-West,9,29917.029784042858,9524.601997461974,9.803921568627452,6.666666666666667,2.0,23.6,11.308235294117647
North-East,125,15265.685925844296,6566.93862938828,9.523809523809524,6.25,1.0,24.5,11.20952380952381
East-West,183,20192.0325904254,6675.540851124323,5.88235294117647,4.761904761904762,1.0,34.6,11.177703081232494
North-East,90,14756.99432264336,2335.8177700736023,4.761904761904762,6.666666666666667,1.0,33.0,11.171428571428573
East-West,28,24034.445887486523,8023.715149845771,9.803921568627452,4.0,1.0,28.2,11.16156862745098
East-West,53A,9888.060293287626,4364.652281112715,3.9215686274509802,10.0,1.0,27.6,11.088627450980393
North-South,882,6449.3569005740765,1708.481302878595,2.380952380952381,14.285714285714285,1.0,21.9,11.046666666666667
East-West,99,14720.703255865497,8187.283548989751,3.9215686274509802,6.666666666666667,1.0,33.6,10.95529411764706
East-West,154B,13376.866258618065,6250.300145937544,7.8431372549019605,7.142857142857142,1.0,24.5,10.894397759103642
East-West,175,21865.183760825897,5562.107143975296,5.88235294117647,4.545454545454546,1.0,33.6,10.891122994652408
East-West,20A,5717.554154723455,4338.366949131429,1.9607843137254901,16.666666666666664,1.0,17.2,10.890980392156862
East-West,98B,8444.945423781275,1578.4299803907454,3.9215686274509802,11.11111111111111,1.0,23.9,10.793071895424838
Thomson East Coast,123,15751.634602513792,3758.586799309801,5.263157894736842,6.25,1.0,30.7,10.745263157894737
East-West,17,10884.892305137308,3523.622835033512,5.88235294117647,9.090909090909092,1.0,22.8,10.549304812834226
North-South,856,14511.149856957187,3888.2649983472097,7.142857142857142,6.666666666666667,1.0,24.9,10.503809523809524
North-South,883,10380.645501159392,8093.696965725897,2.380952380952381,9.090909090909092,1.0,29.5,10.48874458874459
East-West,38,9713.425352184579,4942.701667272433,5.88235294117647,10.0,1.0,20.5,10.452941176470588
Cross Island,315,9757.912262334636,3191.4098216466414,4.545454545454546,10.0,1.0,23.0,10.418181818181818
North-South,925M,16266.920892256545,5992.045061767431,2.380952380952381,5.88235294117647,1.0,35.0,10.305322128851541
East-West,34,33666.63235824927,9160.49247072435,5.88235294117647,2.941176470588235,1.0,33.8,10.289411764705882
Cross Island,73T,13463.218516154202,3946.7650148425687,4.545454545454546,7.142857142857142,1.0,27.7,10.215324675324677
East-West,35M,14598.77792198652,5502.52999683448,1.9607843137254901,13.333333333333334,2.0,20.2,10.15764705882353
East-West,26,12491.181492882864,7372.8744777786,3.9215686274509802,7.6923076923076925,1.0,25.9,9.82555052790347
East-West,193,14310.11699036315,9868.148171481227,7.8431372549019605,6.666666666666667,1.0,20.1,9.823921568627451
East-West,229,8354.293764779737,3912.570717340608,3.9215686274509802,11.11111111111111,1.0,19.0,9.813071895424837
North-South,861,17089.86843344507,5555.201147270414,4.761904761904762,5.555555555555555,1.0,28.4,9.806984126984126
East-West,240,11075.041274730844,5585.4927929826035,5.88235294117647,8.333333333333332,1.0,20.5,9.78627450980392
East-West,252,11908.794391733174,6463.522816296952,5.88235294117647,8.333333333333332,1.0,19.6,9.60627450980392
Cross Island,103,15795.254691001242,1499.9434717250258,4.545454545454546,6.25,1.0,26.4,9.598181818181818
East-West,46,9754.607862219456,3012.4367615941283,3.9215686274509802,10.0,1.0,19.4,9.448627450980393
East-West,94,9509.939201749261,2641.8984633781565,3.9215686274509802,10.0,1.0,19.3,9.428627450980393
East-West,155,17845.497014746503,4719.80290639086,5.88235294117647,5.555555555555555,1.0,24.2,9.41516339869281
East-West,31,20336.858300872496,6716.6168940658645,5.88235294117647,4.761904761904762,1.0,25.3,9.317703081232494
East-West,189,13257.037359212063,2940.719467661331,3.9215686274509802,7.142857142857142,1.0,24.2,9.26577030812325
East-West,246,13325.319285186233,5266.009970659139,5.88235294117647,7.142857142857142,1.0,18.1,8.830084033613446
East-West,49,19913.898282774568,8196.091730314314,7.8431372549019605,5.0,1.0,18.2,8.777254901960784
East-West,34B,23688.42239854809,9160.49247072435,5.88235294117647,4.166666666666666,1.0,23.7,8.759607843137255
North-East,112,14894.274394682889,6007.663673472721,4.761904761904762,6.666666666666667,1.0,20.8,8.731428571428573
East-West,251,11479.940723440675,3341.5277565924844,3.9215686274509802,8.333333333333332,1.0,18.8,8.661960784313726
East-West,40,20452.54540688999,7176.035422452043,5.88235294117647,4.761904761904762,1.0,21.4,8.537703081232493
East-West,98M,15371.174170097813,7141.6530551819815,5.88235294117647,6.25,1.0,17.4,8.33294117647059
East-West,98,22507.716192068077,7141.6530551819815,5.88235294117647,4.3478260869565215,1.0,18.2,7.732071611253197
East-West,247,18530.465021091983,5808.141066494004,3.9215686274509802,5.263157894736842,1.0,19.7,7.6138906088751295
East-West,35,31278.707860226346,5502.52999683448,1.9607843137254901,6.25,2.0,20.6,7.404313725490196
East-West,182M,27034.860320078322,7337.964233609474,3.9215686274509802,3.571428571428571,1.0,20.1,7.017198879551821
East-West,182,27748.208603078405,7309.785910872241,3.9215686274509802,3.571428571428571,1.0,20.1,7.017198879551821
Sengkang LRT,161,19499.180565235918,5060.128743609232,28.57142857142857,,,46.4,
Bukit Panjang LRT,983,8959.383541093,5146.230049787197,16.666666666666664,,,49.6,
Sengkang LRT,372,6532.642185884699,5460.696003807299,14.285714285714285,,,64.6,
Jurong Region,198A,4147.384256352226,2336.929180071143,11.76470588235294,,,39.4,
North-East,140,6541.294625853941,3297.9959514192306,9.523809523809524,,,18.7,
North-East,506,19834.24017766375,2973.9435242588197,9.523809523809524,,,31.3,
Cross Island,89A,15692.570793569213,3326.5714388610504,9.090909090909092,,,34.0,
Thomson East Coast,13,22386.555717704814,5701.513170539253,7.894736842105263,,,46.6,
East-West,105B,5155.602227337692,3997.9740065892265,5.88235294117647,,,28.9,
Jurong Region,143M,8309.332592669893,6671.283774832651,5.88235294117647,,,44.5,
Jurong Region,975B,12530.205950826115,1416.466118352349,5.88235294117647,,,43.8,
Jurong Region,975A,1555.2588296181073,1292.5045191106399,5.88235294117647,,,40.3,
Jurong Region,258,14324.916071691026,4668.433242637244,5.88235294117647,,,42.1,
Jurong Region,301,3890.520279549282,2977.3471710799004,5.88235294117647,,,37.9,
Jurong Region,300,4113.646942804228,3419.3665351302716,5.88235294117647,,,38.6,
North-East,84A,941.4735633773244,941.4735633773244,4.761904761904762,,,15.4,
North-East,80A,10770.355658501448,5297.332844898491,4.761904761904762,,,37.2,
North-East,87,11872.167512111922,3404.0091943244106,4.761904761904762,,,32.8,
North-South,173A,2247.908082766068,1617.9006200499707,4.761904761904762,,,48.9,
North-East,142,7026.253682931415,3006.4711146773316,4.761904761904762,,,19.1,
East-West,106A,4599.111584200661,1373.6072193544908,3.9215686274509802,,,18.0,
East-West,334,7829.0908139093635,3993.9288470224146,3.9215686274509802,,,19.5,
Thomson East Coast,853M,27485.772419951183,6775.501789901784,2.631578947368421,,,55.9,
Thomson East Coast,55,19581.872262057896,5479.8439654387885,2.631578947368421,,,36.1,
Thomson East Coast,43,21611.158735093555,6775.501789901784,2.631578947368421,,,47.7,
North-South,189A,2266.1061979041915,1377.3427909771453,2.380952380952381,,,48.2,
North-South,913,10523.547181775053,7676.886125024764,2.380952380952381,,,32.9,
North-South,964,8677.87730907848,4620.009668697579,2.380952380952381,,,31.6,
East-West,145A,1789.8772560613902,1213.9751947166806,1.9607843137254901,,,45.9,
East-West,240M,5113.814264620299,3722.4317788308335,1.9607843137254901,,,19.5,
